{
  "rf": {
    "accuracy": 0.8831490629655767,
    "roc_auc": 0.9547469456201626,
    "confusion_matrix": [
      [
        28195,
        3664
      ],
      [
        3787,
        28119
      ]
    ],
    "classification_report": {
      "0": {
        "precision": 0.8815896441748483,
        "recall": 0.8849932515144857,
        "f1-score": 0.8832881690449711,
        "support": 31859.0
      },
      "1": {
        "precision": 0.8847182456029953,
        "recall": 0.8813075910487056,
        "f1-score": 0.8830096248959789,
        "support": 31906.0
      },
      "accuracy": 0.8831490629655767,
      "macro avg": {
        "precision": 0.8831539448889218,
        "recall": 0.8831504212815957,
        "f1-score": 0.883148896970475,
        "support": 63765.0
      },
      "weighted avg": {
        "precision": 0.8831550979059932,
        "recall": 0.8831490629655767,
        "f1-score": 0.8831487943156096,
        "support": 63765.0
      }
    }
  },
  "vqc": {
    "accuracy": 0.5903552105386968,
    "roc_auc": 0.5317329843292792,
    "confusion_matrix": [
      [
        30213,
        1646
      ],
      [
        24475,
        7431
      ]
    ],
    "classification_report": {
      "0": {
        "precision": 0.5524612346401404,
        "recall": 0.948334850434728,
        "f1-score": 0.6981871122049291,
        "support": 31859.0
      },
      "1": {
        "precision": 0.818662553707172,
        "recall": 0.2329029022754341,
        "f1-score": 0.3626381670448723,
        "support": 31906.0
      },
      "accuracy": 0.5903552105386968,
      "macro avg": {
        "precision": 0.6855618941736562,
        "recall": 0.590618876355081,
        "f1-score": 0.5304126396249007,
        "support": 63765.0
      },
      "weighted avg": {
        "precision": 0.6856600002035798,
        "recall": 0.5903552105386968,
        "f1-score": 0.5302889761698508,
        "support": 63765.0
      }
    }
  }
}